protVar,variantID,clinicalSignificanceClinVar,significanceValueClinVar
p.Ala102Arg,A102R,NA,NA
p.Ala102Asp,A102D,NA,NA
p.Ala102Gln,A102Q,NA,NA
p.Ala102Glu,A102E,NA,NA
p.Ala102Gly,A102G,Uncertain significance,3
p.Ala102Leu,A102L,NA,NA
p.Ala102Lys,A102K,NA,NA
p.Ala102Pro,A102P,NA,NA
p.Ala102Ser,A102S,NA,NA
p.Ala102Thr,A102T,NA,NA
p.Ala102Val,A102V,NA,NA
p.Ala108Arg,A108R,NA,NA
p.Ala108Cys,A108C,NA,NA
p.Ala108Gln,A108Q,NA,NA
p.Ala108Glu,A108E,NA,NA
p.Ala108Gly,A108G,NA,NA
p.Ala108Leu,A108L,NA,NA
p.Ala108Ser,A108S,NA,NA
p.Ala108Val,A108V,NA,NA
p.Ala134Arg,A134R,NA,NA
p.Ala134Glu,A134E,NA,NA
p.Ala134Gly,A134G,NA,NA
p.Ala134Lys,A134K,NA,NA
p.Ala134Thr,A134T,NA,NA
p.Ala134Val,A134V,NA,NA
p.Ala17Arg,A17R,NA,NA
p.Ala17Gly,A17G,NA,NA
p.Ala17Leu,A17L,NA,NA
p.Ala17Val,A17V,NA,NA
p.Ala194Glu,A194E,NA,NA
p.Ala194Gly,A194G,NA,NA
p.Ala194Ser,A194S,NA,NA
p.Ala194Ter,A194*,NA,NA
p.Ala221Arg,A221R,NA,NA
p.Ala221His,A221H,NA,NA
p.Ala221Phe,A221F,NA,NA
p.Ala221Val,A221V,NA,NA
p.Ala224Gln,A224Q,NA,NA
p.Ala224Leu,A224L,NA,NA
p.Ala224Ser,A224S,NA,NA
p.Ala224Val,A224V,Uncertain significance,3
p.Ala225Cys,A225C,NA,NA
p.Ala225Glu,A225E,NA,NA
p.Ala225Leu,A225L,NA,NA
p.Ala225Lys,A225K,NA,NA
p.Ala225Val,A225V,NA,NA
p.Ala253Arg,A253R,NA,NA
p.Ala253Val,A253V,NA,NA
p.Ala254Asn,A254N,NA,NA
p.Ala254Gly,A254G,NA,NA
p.Ala254Ile,A254I,NA,NA
p.Ala280Arg,A280R,NA,NA
p.Ala280Gln,A280Q,NA,NA
p.Ala280Gly,A280G,Benign,1
p.Ala280Ser,A280S,NA,NA
p.Ala280Tyr,A280Y,NA,NA
p.Ala280Val,A280V,NA,NA
p.Ala302Gly,A302G,NA,NA
p.Ala5Arg,A5R,NA,NA
p.Ala5Gly,A5G,NA,NA
p.Ala5Val,A5V,NA,NA
p.Ala92Gly,A92G,NA,NA
p.Ala92Thr,A92T,NA,NA
p.Arg131Ala,R131A,NA,NA
p.Arg131Asn,R131N,NA,NA
p.Arg131Asp,R131D,NA,NA
p.Arg131Gly,R131G,NA,NA
p.Arg131Leu,R131L,NA,NA
p.Arg131Pro,R131P,NA,NA
p.Arg131Ser,R131S,NA,NA
p.Arg131Thr,R131T,NA,NA
p.Arg131Trp,R131W,NA,NA
p.Arg131Val,R131V,NA,NA
p.Arg133Ala,R133A,NA,NA
p.Arg133Gln,R133Q,NA,NA
p.Arg133Glu,R133E,NA,NA
p.Arg133Gly,R133G,NA,NA
p.Arg133His,R133H,Uncertain significance,3
p.Arg133Leu,R133L,NA,NA
p.Arg133Pro,R133P,NA,NA
p.Arg133Ser,R133S,Likely benign,2
p.Arg133Val,R133V,NA,NA
p.Arg136Gly,R136G,NA,NA
p.Arg163Ala,R163A,NA,NA
p.Arg163Glu,R163E,NA,NA
p.Arg163Gly,R163G,NA,NA
p.Arg163Ile,R163I,NA,NA
p.Arg163Leu,R163L,NA,NA
p.Arg163Ser,R163S,NA,NA
p.Arg163Thr,R163T,NA,NA
p.Arg163Val,R163V,NA,NA
p.Arg166Ala,R166A,NA,NA
p.Arg166Asp,R166D,NA,NA
p.Arg166Gln,R166Q,NA,NA
p.Arg166Glu,R166E,NA,NA
p.Arg166Gly,R166G,NA,NA
p.Arg166Leu,R166L,NA,NA
p.Arg166Pro,R166P,NA,NA
p.Arg166Ser,R166S,NA,NA
p.Arg166Thr,R166T,NA,NA
p.Arg166Val,R166V,NA,NA
p.Arg170Ala,R170A,NA,NA
p.Arg170Asp,R170D,NA,NA
p.Arg170Cys,R170C,NA,NA
p.Arg170Gln,R170Q,Uncertain significance,3
p.Arg170Glu,R170E,NA,NA
p.Arg170Gly,R170G,NA,NA
p.Arg170His,R170H,NA,NA
p.Arg170Leu,R170L,NA,NA
p.Arg170Pro,R170P,NA,NA
p.Arg170Ser,R170S,NA,NA
p.Arg170Thr,R170T,NA,NA
p.Arg170Val,R170V,NA,NA
p.Arg213Asn,R213N,NA,NA
p.Arg213Gly,R213G,Uncertain significance,3
p.Arg213Leu,R213L,NA,NA
p.Arg213Phe,R213F,NA,NA
p.Arg213Pro,R213P,NA,NA
p.Arg213Ser,R213S,NA,NA
p.Arg213Val,R213V,NA,NA
p.Arg252Leu,R252L,NA,NA
p.Arg252Pro,R252P,NA,NA
p.Arg256Ala,R256A,NA,NA
p.Arg256Gly,R256G,NA,NA
p.Arg256Ser,R256S,NA,NA
p.Arg296Asn,R296N,NA,NA
p.Arg296Asp,R296D,NA,NA
p.Arg296Cys,R296C,NA,NA
p.Arg296Glu,R296E,NA,NA
p.Arg296Gly,R296G,NA,NA
p.Arg296His,R296H,NA,NA
p.Arg296Leu,R296L,NA,NA
p.Arg296Met,R296M,NA,NA
p.Arg296Ser,R296S,NA,NA
p.Arg296Tyr,R296Y,NA,NA
p.Arg296Val,R296V,NA,NA
p.Arg71Gly,R71G,Likely pathogenic,4
p.Arg78Gly,R78G,NA,NA
p.Arg78Ser,R78S,NA,NA
p.Arg7Ala,R7A,NA,NA
p.Arg7Gln,R7Q,NA,NA
p.Arg7Glu,R7E,NA,NA
p.Arg7Gly,R7G,NA,NA
p.Arg7Val,R7V,NA,NA
p.Asn103Ala,N103A,NA,NA
p.Asn103Arg,N103R,NA,NA
p.Asn103Glu,N103E,NA,NA
p.Asn103Gly,N103G,NA,NA
p.Asn103Pro,N103P,NA,NA
p.Asn103Ser,N103S,NA,NA
p.Asn103Thr,N103T,NA,NA
p.Asn103Val,N103V,NA,NA
p.Asn106Ala,N106A,NA,NA
p.Asn106Arg,N106R,NA,NA
p.Asn106Gly,N106G,NA,NA
p.Asn106Leu,N106L,NA,NA
p.Asn106Phe,N106F,NA,NA
p.Asn106Pro,N106P,NA,NA
p.Asn106Ser,N106S,NA,NA
p.Asn106Thr,N106T,NA,NA
p.Asn106Val,N106V,NA,NA
p.Asn112Gly,N112G,NA,NA
p.Asn113Ala,N113A,NA,NA
p.Asn113Arg,N113R,NA,NA
p.Asn113Gly,N113G,NA,NA
p.Asn113Leu,N113L,NA,NA
p.Asn113Ser,N113S,Uncertain significance,3
p.Asn132Arg,N132R,NA,NA
p.Asn132Glu,N132E,NA,NA
p.Asn132Gly,N132G,NA,NA
p.Asn132Thr,N132T,NA,NA
p.Asn144Ala,N144A,NA,NA
p.Asn144Arg,N144R,NA,NA
p.Asn144Glu,N144E,NA,NA
p.Asn144Gly,N144G,NA,NA
p.Asn144Ser,N144S,NA,NA
p.Asn144Val,N144V,NA,NA
p.Asn158Ala,N158A,NA,NA
p.Asn158Arg,N158R,NA,NA
p.Asn158Cys,N158C,NA,NA
p.Asn158Gly,N158G,NA,NA
p.Asn158Leu,N158L,NA,NA
p.Asn158Pro,N158P,NA,NA
p.Asn158Ser,N158S,NA,NA
p.Asn158Trp,N158W,NA,NA
p.Asn158Val,N158V,NA,NA
p.Asn16Arg,N16R,NA,NA
p.Asn16Gly,N16G,NA,NA
p.Asn235Gly,N235G,NA,NA
p.Asn243Arg,N243R,NA,NA
p.Asn243Asp,N243D,Uncertain significance,3
p.Asn243Glu,N243E,NA,NA
p.Asn243Thr,N243T,NA,NA
p.Asn244Gly,N244G,NA,NA
p.Asn244His,N244H,NA,NA
p.Asn244Leu,N244L,NA,NA
p.Asn247Ala,N247A,NA,NA
p.Asn247Arg,N247R,NA,NA
p.Asn247Gly,N247G,NA,NA
p.Asn247His,N247H,NA,NA
p.Asn247Ile,N247I,NA,NA
p.Asn247Leu,N247L,NA,NA
p.Asn247Met,N247M,NA,NA
p.Asn247Pro,N247P,NA,NA
p.Asn247Ser,N247S,NA,NA
p.Asn247Thr,N247T,NA,NA
p.Asn247Tyr,N247Y,NA,NA
p.Asn247Val,N247V,NA,NA
p.Asn277Cys,N277C,NA,NA
p.Asn277Glu,N277E,NA,NA
p.Asn277Gly,N277G,NA,NA
p.Asn277Leu,N277L,NA,NA
p.Asn277Lys,N277K,NA,NA
p.Asn277Met,N277M,NA,NA
p.Asn277Ser,N277S,NA,NA
p.Asn277Tyr,N277Y,NA,NA
p.Asn277Val,N277V,NA,NA
p.Asn287Ala,N287A,NA,NA
p.Asn287Arg,N287R,NA,NA
p.Asn287Asp,N287D,NA,NA
p.Asn287Gln,N287Q,NA,NA
p.Asn287Gly,N287G,NA,NA
p.Asn287Leu,N287L,NA,NA
p.Asn287Lys,N287K,Uncertain significance,3
p.Asn287Pro,N287P,NA,NA
p.Asn287Ser,N287S,NA,NA
p.Asn287Thr,N287T,NA,NA
p.Asn287Tyr,N287Y,NA,NA
p.Asn287Val,N287V,NA,NA
p.Asn298Ala,N298A,NA,NA
p.Asn298Arg,N298R,NA,NA
p.Asn298Asp,N298D,NA,NA
p.Asn298Glu,N298E,NA,NA
p.Asn298Gly,N298G,NA,NA
p.Asn298Leu,N298L,NA,NA
p.Asn298Met,N298M,NA,NA
p.Asn298Ser,N298S,NA,NA
p.Asn298Ter,N298*,NA,NA
p.Asn298Trp,N298W,NA,NA
p.Asn298Val,N298V,NA,NA
p.Asn53Arg,N53R,NA,NA
p.Asn53Asp,N53D,NA,NA
p.Asn53Gly,N53G,NA,NA
p.Asn53Ser,N53S,NA,NA
p.Asn53Trp,N53W,NA,NA
p.Asn53Val,N53V,NA,NA
p.Asn66Ala,N66A,NA,NA
p.Asn66Arg,N66R,NA,NA
p.Asn66Gly,N66G,NA,NA
p.Asn66Leu,N66L,NA,NA
p.Asn66Phe,N66F,NA,NA
p.Asn66Val,N66V,NA,NA
p.Asp120Ala,D120A,NA,NA
p.Asp120Arg,D120R,NA,NA
p.Asp120Asn,D120N,Uncertain significance,3
p.Asp120Glu,D120E,NA,NA
p.Asp120Gly,D120G,Uncertain significance,3
p.Asp120Leu,D120L,NA,NA
p.Asp120Met,D120M,NA,NA
p.Asp120Pro,D120P,NA,NA
p.Asp120Ser,D120S,NA,NA
p.Asp120Thr,D120T,NA,NA
p.Asp120Val,D120V,NA,NA
p.Asp185Ala,D185A,NA,NA
p.Asp185Arg,D185R,NA,NA
p.Asp185Glu,D185E,NA,NA
p.Asp185Gly,D185G,NA,NA
p.Asp185Leu,D185L,NA,NA
p.Asp185Lys,D185K,NA,NA
p.Asp185Pro,D185P,NA,NA
p.Asp185Ser,D185S,NA,NA
p.Asp185Thr,D185T,NA,NA
p.Asp185Trp,D185W,NA,NA
p.Asp185Val,D185V,NA,NA
p.Asp189Ala,D189A,NA,NA
p.Asp189Arg,D189R,NA,NA
p.Asp189Asn,D189N,NA,NA
p.Asp189Glu,D189E,NA,NA
p.Asp189Gly,D189G,NA,NA
p.Asp189Leu,D189L,NA,NA
p.Asp189Met,D189M,NA,NA
p.Asp189Pro,D189P,NA,NA
p.Asp189Ser,D189S,NA,NA
p.Asp189Val,D189V,NA,NA
p.Asp201Arg,D201R,NA,NA
p.Asp214Ala,D214A,NA,NA
p.Asp214Cys,D214C,NA,NA
p.Asp214Ile,D214I,NA,NA
p.Asp214Ter,D214*,NA,NA
p.Asp214Tyr,D214Y,NA,NA
p.Asp219Ala,D219A,NA,NA
p.Asp219Arg,D219R,NA,NA
p.Asp232Asn,D232N,Uncertain significance,3
p.Asp232Leu,D232L,NA,NA
p.Asp232Thr,D232T,NA,NA
p.Asp232Val,D232V,Uncertain significance,3
p.Asp245Asn,D245N,NA,NA
p.Asp295Ala,D295A,NA,NA
p.Asp295Arg,D295R,NA,NA
p.Asp295Glu,D295E,NA,NA
p.Asp295Gly,D295G,Uncertain significance,3
p.Asp295Ile,D295I,NA,NA
p.Asp295Met,D295M,NA,NA
p.Asp295Ser,D295S,NA,NA
p.Asp295Thr,D295T,NA,NA
p.Asp295Trp,D295W,NA,NA
p.Asp295Tyr,D295Y,NA,NA
p.Asp295Val,D295V,NA,NA
p.Asp2Ala,D2A,NA,NA
p.Asp2Arg,D2R,NA,NA
p.Asp2Gly,D2G,NA,NA
p.Asp40Ala,D40A,NA,NA
p.Asp40Arg,D40R,NA,NA
p.Asp40Gly,D40G,NA,NA
p.Asp40Val,D40V,NA,NA
p.Asp67Arg,D67R,NA,NA
p.Asp67Gly,D67G,NA,NA
p.Cys197Leu,C197L,NA,NA
p.Cys226Arg,C226R,NA,NA
p.Cys226Gly,C226G,NA,NA
p.Cys226Leu,C226L,NA,NA
p.Cys226Pro,C226P,NA,NA
p.Cys226Thr,C226T,NA,NA
p.Cys226Val,C226V,NA,NA
p.Cys274Ile,C274I,NA,NA
p.Cys27Arg,C27R,NA,NA
p.Cys27Gly,C27G,NA,NA
p.Cys39Ala,C39A,NA,NA
p.Cys39Arg,C39R,Pathogenic,5
p.Cys39Gly,C39G,Likely pathogenic,4
p.Cys39Phe,C39F,Uncertain significance,3
p.Cys39Val,C39V,NA,NA
p.Cys44Ala,C44A,NA,NA
p.Cys44Arg,C44R,NA,NA
p.Cys44Glu,C44E,NA,NA
p.Cys44Gly,C44G,NA,NA
p.Cys44Pro,C44P,NA,NA
p.Cys47Arg,C47R,NA,NA
p.Cys47Gly,C47G,Uncertain significance,3
p.Cys61Gly,C61G,Pathogenic,5
p.Cys61Val,C61V,NA,NA
p.Gln126Ala,Q126A,NA,NA
p.Gln126Arg,Q126R,NA,NA
p.Gln126Glu,Q126E,NA,NA
p.Gln126Gly,Q126G,NA,NA
p.Gln126Ile,Q126I,NA,NA
p.Gln126Lys,Q126K,NA,NA
p.Gln126Ser,Q126S,NA,NA
p.Gln139Ala,Q139A,NA,NA
p.Gln139Arg,Q139R,Uncertain significance,3
p.Gln139Asp,Q139D,NA,NA
p.Gln139Gly,Q139G,NA,NA
p.Gln139Leu,Q139L,NA,NA
p.Gln139Phe,Q139F,NA,NA
p.Gln139Ser,Q139S,NA,NA
p.Gln139Trp,Q139W,NA,NA
p.Gln139Val,Q139V,NA,NA
p.Gln148Ala,Q148A,NA,NA
p.Gln148Arg,Q148R,NA,NA
p.Gln148Cys,Q148C,NA,NA
p.Gln148Glu,Q148E,NA,NA
p.Gln148Gly,Q148G,NA,NA
p.Gln148Leu,Q148L,NA,NA
p.Gln148Lys,Q148K,Uncertain significance,3
p.Gln148Pro,Q148P,NA,NA
p.Gln148Ser,Q148S,NA,NA
p.Gln148Thr,Q148T,NA,NA
p.Gln148Val,Q148V,NA,NA
p.Gln155Ala,Q155A,NA,NA
p.Gln155Arg,Q155R,NA,NA
p.Gln155Asn,Q155N,NA,NA
p.Gln155Asp,Q155D,NA,NA
p.Gln155Cys,Q155C,NA,NA
p.Gln155Glu,Q155E,Benign,1
p.Gln155Gly,Q155G,NA,NA
p.Gln155Leu,Q155L,NA,NA
p.Gln155Lys,Q155K,NA,NA
p.Gln155Met,Q155M,NA,NA
p.Gln155Pro,Q155P,NA,NA
p.Gln155Ser,Q155S,NA,NA
p.Gln155Thr,Q155T,NA,NA
p.Gln155Val,Q155V,NA,NA
p.Gln169Ala,Q169A,NA,NA
p.Gln169Arg,Q169R,NA,NA
p.Gln169Cys,Q169C,NA,NA
p.Gln169Gly,Q169G,NA,NA
p.Gln169Leu,Q169L,NA,NA
p.Gln169Pro,Q169P,Uncertain significance,3
p.Gln169Ser,Q169S,NA,NA
p.Gln169Thr,Q169T,NA,NA
p.Gln169Tyr,Q169Y,NA,NA
p.Gln169Val,Q169V,NA,NA
p.Gln172Ala,Q172A,NA,NA
p.Gln172Arg,Q172R,NA,NA
p.Gln172Glu,Q172E,NA,NA
p.Gln172Gly,Q172G,NA,NA
p.Gln172Lys,Q172K,NA,NA
p.Gln172Pro,Q172P,NA,NA
p.Gln172Ser,Q172S,NA,NA
p.Gln172Trp,Q172W,NA,NA
p.Gln172Val,Q172V,NA,NA
p.Gln174Ala,Q174A,NA,NA
p.Gln174Arg,Q174R,NA,NA
p.Gln174Glu,Q174E,NA,NA
p.Gln174Gly,Q174G,NA,NA
p.Gln174Ile,Q174I,NA,NA
p.Gln174Leu,Q174L,NA,NA
p.Gln19Arg,Q19R,NA,NA
p.Gln19Glu,Q19E,NA,NA
p.Gln19Gly,Q19G,NA,NA
p.Gln19Pro,Q19P,NA,NA
p.Gln202Arg,Q202R,NA,NA
p.Gln202His,Q202H,NA,NA
p.Gln202Phe,Q202F,NA,NA
p.Gln206Ala,Q206A,NA,NA
p.Gln206His,Q206H,NA,NA
p.Gln210Glu,Q210E,NA,NA
p.Gln210Leu,Q210L,NA,NA
p.Gln210Val,Q210V,NA,NA
p.Gln240Cys,Q240C,NA,NA
p.Gln240Gly,Q240G,NA,NA
p.Gln240Lys,Q240K,NA,NA
p.Gln262Ala,Q262A,NA,NA
p.Gln262Arg,Q262R,NA,NA
p.Gln262Asn,Q262N,NA,NA
p.Gln262Glu,Q262E,NA,NA
p.Gln262Gly,Q262G,NA,NA
p.Gln262His,Q262H,NA,NA
p.Gln262Ile,Q262I,NA,NA
p.Gln262Phe,Q262F,NA,NA
p.Gln262Pro,Q262P,NA,NA
p.Gln262Ser,Q262S,NA,NA
p.Gln262Thr,Q262T,NA,NA
p.Gln262Val,Q262V,NA,NA
p.Gln284Gly,Q284G,NA,NA
p.Gln284Lys,Q284K,NA,NA
p.Gln54Leu,Q54L,NA,NA
p.Gln54Val,Q54V,NA,NA
p.Gln60Asn,Q60N,NA,NA
p.Gln60Asp,Q60D,NA,NA
p.Gln60Gly,Q60G,NA,NA
p.Gln60Leu,Q60L,NA,NA
p.Gln60Val,Q60V,NA,NA
p.Gln74Gly,Q74G,NA,NA
p.Gln81Glu,Q81E,NA,NA
p.Gln81Gly,Q81G,NA,NA
p.Gln94Gly,Q94G,NA,NA
p.Glu100Ala,E100A,NA,NA
p.Glu100Arg,E100R,NA,NA
p.Glu100Asn,E100N,NA,NA
p.Glu100Asp,E100D,NA,NA
p.Glu100Cys,E100C,NA,NA
p.Glu100Gly,E100G,NA,NA
p.Glu100Ile,E100I,NA,NA
p.Glu100Leu,E100L,NA,NA
p.Glu100Pro,E100P,NA,NA
p.Glu100Val,E100V,NA,NA
p.Glu10Gly,E10G,NA,NA
p.Glu10Thr,E10T,NA,NA
p.Glu111Ala,E111A,Uncertain significance,3
p.Glu111Arg,E111R,NA,NA
p.Glu111Asn,E111N,NA,NA
p.Glu111Asp,E111D,NA,NA
p.Glu111Gln,E111Q,NA,NA
p.Glu111Gly,E111G,NA,NA
p.Glu111Ile,E111I,NA,NA
p.Glu111Lys,E111K,NA,NA
p.Glu111Phe,E111F,NA,NA
p.Glu111Pro,E111P,NA,NA
p.Glu111Ser,E111S,NA,NA
p.Glu111Thr,E111T,NA,NA
p.Glu111Val,E111V,NA,NA
p.Glu116Ala,E116A,NA,NA
p.Glu116Arg,E116R,NA,NA
p.Glu116Gly,E116G,NA,NA
p.Glu116Leu,E116L,NA,NA
p.Glu116Met,E116M,NA,NA
p.Glu116Pro,E116P,NA,NA
p.Glu116Thr,E116T,NA,NA
p.Glu116Val,E116V,NA,NA
p.Glu121Ala,E121A,NA,NA
p.Glu121Arg,E121R,NA,NA
p.Glu121Gly,E121G,NA,NA
p.Glu121Leu,E121L,NA,NA
p.Glu121Pro,E121P,NA,NA
p.Glu121Ser,E121S,NA,NA
p.Glu121Val,E121V,NA,NA
p.Glu141Ala,E141A,NA,NA
p.Glu141Arg,E141R,NA,NA
p.Glu141Gln,E141Q,NA,NA
p.Glu141Gly,E141G,NA,NA
p.Glu141Lys,E141K,NA,NA
p.Glu141Ser,E141S,NA,NA
p.Glu141Thr,E141T,NA,NA
p.Glu141Val,E141V,NA,NA
p.Glu143Ala,E143A,NA,NA
p.Glu143Arg,E143R,NA,NA
p.Glu143Asp,E143D,Uncertain significance,3
p.Glu143Cys,E143C,NA,NA
p.Glu143Gln,E143Q,Uncertain significance,3
p.Glu143Gly,E143G,NA,NA
p.Glu143Leu,E143L,NA,NA
p.Glu143Phe,E143F,NA,NA
p.Glu143Pro,E143P,NA,NA
p.Glu143Ser,E143S,NA,NA
p.Glu143Thr,E143T,NA,NA
p.Glu143Trp,E143W,NA,NA
p.Glu143Tyr,E143Y,NA,NA
p.Glu143Val,E143V,NA,NA
p.Glu149Ala,E149A,Uncertain significance,3
p.Glu149Arg,E149R,NA,NA
p.Glu149Gly,E149G,NA,NA
p.Glu149Pro,E149P,NA,NA
p.Glu149Ser,E149S,NA,NA
p.Glu149Thr,E149T,NA,NA
p.Glu149Trp,E149W,NA,NA
p.Glu149Val,E149V,NA,NA
p.Glu181Ala,E181A,NA,NA
p.Glu181Arg,E181R,NA,NA
p.Glu181Cys,E181C,NA,NA
p.Glu181Gly,E181G,NA,NA
p.Glu181Ile,E181I,NA,NA
p.Glu181Leu,E181L,NA,NA
p.Glu181Phe,E181F,NA,NA
p.Glu181Pro,E181P,NA,NA
p.Glu181Ser,E181S,NA,NA
p.Glu181Thr,E181T,NA,NA
p.Glu181Val,E181V,NA,NA
p.Glu188Ala,E188A,NA,NA
p.Glu188Arg,E188R,NA,NA
p.Glu188Asp,E188D,NA,NA
p.Glu188Cys,E188C,NA,NA
p.Glu188Gln,E188Q,NA,NA
p.Glu188Gly,E188G,NA,NA
p.Glu188His,E188H,NA,NA
p.Glu188Ile,E188I,NA,NA
p.Glu188Leu,E188L,NA,NA
p.Glu188Lys,E188K,NA,NA
p.Glu188Met,E188M,NA,NA
p.Glu188Pro,E188P,NA,NA
p.Glu188Ser,E188S,NA,NA
p.Glu188Thr,E188T,NA,NA
p.Glu188Tyr,E188Y,NA,NA
p.Glu188Val,E188V,NA,NA
p.Glu203Gln,E203Q,NA,NA
p.Glu203Lys,E203K,Uncertain significance,3
p.Glu215Asn,E215N,NA,NA
p.Glu215Gly,E215G,NA,NA
p.Glu215Val,E215V,NA,NA
p.Glu227Arg,E227R,NA,NA
p.Glu227Asp,E227D,NA,NA
p.Glu227Cys,E227C,NA,NA
p.Glu227Gly,E227G,NA,NA
p.Glu227His,E227H,NA,NA
p.Glu227Ile,E227I,NA,NA
p.Glu227Leu,E227L,NA,NA
p.Glu227Lys,E227K,NA,NA
p.Glu227Met,E227M,NA,NA
p.Glu227Phe,E227F,NA,NA
p.Glu227Pro,E227P,NA,NA
p.Glu227Thr,E227T,NA,NA
p.Glu227Val,E227V,NA,NA
p.Glu230Asp,E230D,NA,NA
p.Glu230Pro,E230P,NA,NA
p.Glu230Val,E230V,NA,NA
p.Glu237Ala,E237A,NA,NA
p.Glu237Gly,E237G,NA,NA
p.Glu237Val,E237V,NA,NA
p.Glu23Ile,E23I,NA,NA
p.Glu250Ala,E250A,NA,NA
p.Glu250Arg,E250R,NA,NA
p.Glu250Asp,E250D,NA,NA
p.Glu250Gln,E250Q,NA,NA
p.Glu250Gly,E250G,NA,NA
p.Glu250His,E250H,NA,NA
p.Glu250Ile,E250I,NA,NA
p.Glu250Leu,E250L,NA,NA
p.Glu250Met,E250M,NA,NA
p.Glu250Pro,E250P,NA,NA
p.Glu250Ser,E250S,NA,NA
p.Glu250Thr,E250T,NA,NA
p.Glu250Tyr,E250Y,NA,NA
p.Glu250Val,E250V,NA,NA
p.Glu255Arg,E255R,NA,NA
p.Glu255Cys,E255C,NA,NA
p.Glu255Gly,E255G,NA,NA
p.Glu255His,E255H,NA,NA
p.Glu255Met,E255M,NA,NA
p.Glu255Ser,E255S,NA,NA
p.Glu255Tyr,E255Y,NA,NA
p.Glu259Ala,E259A,NA,NA
p.Glu259Arg,E259R,NA,NA
p.Glu259Asn,E259N,NA,NA
p.Glu259Asp,E259D,NA,NA
p.Glu259Cys,E259C,NA,NA
p.Glu259Gly,E259G,NA,NA
p.Glu259His,E259H,NA,NA
p.Glu259Phe,E259F,NA,NA
p.Glu259Ser,E259S,NA,NA
p.Glu259Val,E259V,NA,NA
p.Glu272Asp,E272D,NA,NA
p.Glu272Ile,E272I,NA,NA
p.Glu272Leu,E272L,NA,NA
p.Glu272Met,E272M,NA,NA
p.Glu286Ala,E286A,NA,NA
p.Glu286Arg,E286R,NA,NA
p.Glu286Pro,E286P,NA,NA
p.Glu286Ser,E286S,NA,NA
p.Glu29Arg,E29R,NA,NA
p.Glu29Gly,E29G,Uncertain significance,3
p.Glu29Val,E29V,NA,NA
p.Glu300Arg,E300R,NA,NA
p.Glu300Asn,E300N,NA,NA
p.Glu300Cys,E300C,NA,NA
p.Glu300Gly,E300G,NA,NA
p.Glu300His,E300H,NA,NA
p.Glu300Ile,E300I,NA,NA
p.Glu300Leu,E300L,NA,NA
p.Glu300Lys,E300K,NA,NA
p.Glu300Phe,E300F,NA,NA
p.Glu300Pro,E300P,NA,NA
p.Glu300Ser,E300S,NA,NA
p.Glu300Ter,E300*,NA,NA
p.Glu300Thr,E300T,NA,NA
p.Glu300Val,E300V,NA,NA
p.Glu33Ala,E33A,Uncertain significance,3
p.Glu33Gly,E33G,NA,NA
p.Glu75Gly,E75G,NA,NA
p.Glu84Ala,E84A,NA,NA
p.Glu84Arg,E84R,NA,NA
p.Glu84Gly,E84G,NA,NA
p.Glu85Gly,E85G,NA,NA
p.Glu9Gly,E9G,NA,NA
p.Gly129Ala,G129A,NA,NA
p.Gly129Arg,G129R,NA,NA
p.Gly129Asp,G129D,NA,NA
p.Gly129Glu,G129E,NA,NA
p.Gly129Leu,G129L,NA,NA
p.Gly129Lys,G129K,NA,NA
p.Gly129Ser,G129S,NA,NA
p.Gly129Thr,G129T,NA,NA
p.Gly129Val,G129V,NA,NA
p.Gly160Ala,G160A,NA,NA
p.Gly160Arg,G160R,Uncertain significance,3
p.Gly160Gln,G160Q,NA,NA
p.Gly160Met,G160M,NA,NA
p.Gly160Pro,G160P,NA,NA
p.Gly160Trp,G160W,NA,NA
p.Gly183Ala,G183A,NA,NA
p.Gly183Arg,G183R,NA,NA
p.Gly183Cys,G183C,NA,NA
p.Gly183Glu,G183E,NA,NA
p.Gly183His,G183H,NA,NA
p.Gly183Ile,G183I,NA,NA
p.Gly183Leu,G183L,NA,NA
p.Gly183Met,G183M,NA,NA
p.Gly183Phe,G183F,NA,NA
p.Gly183Pro,G183P,NA,NA
p.Gly183Ser,G183S,NA,NA
p.Gly183Thr,G183T,NA,NA
p.Gly183Trp,G183W,NA,NA
p.Gly183Val,G183V,NA,NA
p.Gly200Gln,G200Q,NA,NA
p.Gly200Glu,G200E,NA,NA
p.Gly200Val,G200V,NA,NA
p.Gly211Ala,G211A,NA,NA
p.Gly211Gln,G211Q,NA,NA
p.Gly263Glu,G263E,NA,NA
p.Gly263Ile,G263I,NA,NA
p.Gly263Phe,G263F,NA,NA
p.Gly263Thr,G263T,NA,NA
p.Gly263Tyr,G263Y,NA,NA
p.Gly263Val,G263V,NA,NA
p.Gly275Arg,G275R,NA,NA
p.Gly275Glu,G275E,NA,NA
p.Gly275Leu,G275L,NA,NA
p.Gly275Ser,G275S,Uncertain significance,3
p.Gly57Arg,G57R,Uncertain significance,3
p.Gly98Pro,G98P,NA,NA
p.Gly98Thr,G98T,NA,NA
p.His117Gly,H117G,NA,NA
p.His117Leu,H117L,NA,NA
p.His117Val,H117V,NA,NA
p.His238Ala,H238A,NA,NA
p.His238Arg,H238R,Uncertain significance,3
p.His238Asn,H238N,NA,NA
p.His238Asp,H238D,NA,NA
p.His238Cys,H238C,NA,NA
p.His238Glu,H238E,NA,NA
p.His238Gly,H238G,NA,NA
p.His238Leu,H238L,NA,NA
p.His238Lys,H238K,NA,NA
p.His238Met,H238M,NA,NA
p.His238Ser,H238S,NA,NA
p.His238Thr,H238T,NA,NA
p.His238Val,H238V,NA,NA
p.His239Ala,H239A,NA,NA
p.His239Asp,H239D,NA,NA
p.His239Gly,H239G,NA,NA
p.His239Pro,H239P,NA,NA
p.His239Ser,H239S,NA,NA
p.His257Leu,H257L,NA,NA
p.His257Phe,H257F,NA,NA
p.His257Val,H257V,NA,NA
p.His279Arg,H279R,Uncertain significance,3
p.His279Asn,H279N,NA,NA
p.His279Gln,H279Q,NA,NA
p.His279Gly,H279G,NA,NA
p.His279Ser,H279S,NA,NA
p.His279Trp,H279W,NA,NA
p.His279Val,H279V,NA,NA
p.His285Ala,H285A,NA,NA
p.His285Arg,H285R,NA,NA
p.His285Asn,H285N,NA,NA
p.His285Glu,H285E,NA,NA
p.His285Gly,H285G,NA,NA
p.His285Pro,H285P,NA,NA
p.His285Ser,H285S,NA,NA
p.His285Val,H285V,NA,NA
p.His41Ala,H41A,NA,NA
p.His41Cys,H41C,NA,NA
p.His41Glu,H41E,NA,NA
p.His41Gly,H41G,NA,NA
p.His41Leu,H41L,Uncertain significance,3
p.His41Ser,H41S,NA,NA
p.His41Thr,H41T,NA,NA
p.His41Val,H41V,NA,NA
p.Ile124Ala,I124A,NA,NA
p.Ile124Arg,I124R,NA,NA
p.Ile124Asp,I124D,NA,NA
p.Ile124Gly,I124G,NA,NA
p.Ile124Leu,I124L,Uncertain significance,3
p.Ile124Lys,I124K,NA,NA
p.Ile124Pro,I124P,NA,NA
p.Ile124Ser,I124S,NA,NA
p.Ile124Thr,I124T,NA,NA
p.Ile124Val,I124V,Benign,1
p.Ile125Ala,I125A,NA,NA
p.Ile125Arg,I125R,NA,NA
p.Ile125Cys,I125C,NA,NA
p.Ile125Gln,I125Q,NA,NA
p.Ile125Glu,I125E,NA,NA
p.Ile125Gly,I125G,NA,NA
p.Ile125Pro,I125P,NA,NA
p.Ile125Val,I125V,Uncertain significance,3
p.Ile15Gly,I15G,NA,NA
p.Ile15Ser,I15S,NA,NA
p.Ile15Val,I15V,NA,NA
p.Ile171Ala,I171A,NA,NA
p.Ile171Arg,I171R,NA,NA
p.Ile171Glu,I171E,NA,NA
p.Ile171Gly,I171G,NA,NA
p.Ile171His,I171H,NA,NA
p.Ile171Leu,I171L,NA,NA
p.Ile171Lys,I171K,NA,NA
p.Ile171Met,I171M,NA,NA
p.Ile171Pro,I171P,NA,NA
p.Ile171Ser,I171S,NA,NA
p.Ile171Thr,I171T,NA,NA
p.Ile171Val,I171V,NA,NA
p.Ile180Arg,I180R,NA,NA
p.Ile180Leu,I180L,NA,NA
p.Ile180Phe,I180F,NA,NA
p.Ile180Thr,I180T,NA,NA
p.Ile207Ala,I207A,NA,NA
p.Ile207Asp,I207D,NA,NA
p.Ile207Gly,I207G,NA,NA
p.Ile207Val,I207V,NA,NA
p.Ile216Leu,I216L,NA,NA
p.Ile216Met,I216M,NA,NA
p.Ile21Gly,I21G,NA,NA
p.Ile26Arg,I26R,NA,NA
p.Ile26Gly,I26G,NA,NA
p.Ile26Leu,I26L,NA,NA
p.Ile26Phe,I26F,NA,NA
p.Ile31Arg,I31R,NA,NA
p.Ile31Glu,I31E,NA,NA
p.Ile31Gly,I31G,NA,NA
p.Ile31Lys,I31K,NA,NA
p.Ile31Val,I31V,NA,NA
p.Ile42Ala,I42A,NA,NA
p.Ile42Arg,I42R,NA,NA
p.Ile42Leu,I42L,Uncertain significance,3
p.Ile42Pro,I42P,NA,NA
p.Ile68Ala,I68A,NA,NA
p.Ile68Arg,I68R,Uncertain significance,3
p.Ile68Cys,I68C,NA,NA
p.Ile68Gly,I68G,NA,NA
p.Ile68Val,I68V,NA,NA
p.Ile89Arg,I89R,NA,NA
p.Ile89Asp,I89D,NA,NA
p.Ile89Glu,I89E,NA,NA
p.Ile89Gly,I89G,NA,NA
p.Ile89Ser,I89S,NA,NA
p.Ile90Gly,I90G,NA,NA
p.Ile90Thr,I90T,Uncertain significance,3
p.Ile90Val,I90V,NA,NA
p.Leu118Ala,L118A,NA,NA
p.Leu118Arg,L118R,NA,NA
p.Leu118Gln,L118Q,NA,NA
p.Leu118Gly,L118G,NA,NA
p.Leu118Pro,L118P,NA,NA
p.Leu137Arg,L137R,NA,NA
p.Leu137Glu,L137E,NA,NA
p.Leu137Gly,L137G,NA,NA
p.Leu137Val,L137V,NA,NA
p.Leu138Ala,L138A,NA,NA
p.Leu138Arg,L138R,NA,NA
p.Leu138Asp,L138D,NA,NA
p.Leu138Glu,L138E,NA,NA
p.Leu138Gly,L138G,NA,NA
p.Leu138Met,L138M,NA,NA
p.Leu138Pro,L138P,NA,NA
p.Leu138Thr,L138T,NA,NA
p.Leu138Val,L138V,Uncertain significance,3
p.Leu147Ala,L147A,NA,NA
p.Leu147Arg,L147R,NA,NA
p.Leu147Gln,L147Q,NA,NA
p.Leu147Glu,L147E,NA,NA
p.Leu147Gly,L147G,NA,NA
p.Leu147Lys,L147K,NA,NA
p.Leu147Ser,L147S,NA,NA
p.Leu147Trp,L147W,NA,NA
p.Leu147Val,L147V,Uncertain significance,3
p.Leu152Ala,L152A,NA,NA
p.Leu152Arg,L152R,NA,NA
p.Leu152Asp,L152D,NA,NA
p.Leu152Gln,L152Q,NA,NA
p.Leu152Gly,L152G,NA,NA
p.Leu152His,L152H,NA,NA
p.Leu152Lys,L152K,NA,NA
p.Leu152Met,L152M,NA,NA
p.Leu152Pro,L152P,Uncertain significance,3
p.Leu152Ser,L152S,NA,NA
p.Leu152Ter,L152*,NA,NA
p.Leu152Thr,L152T,NA,NA
p.Leu152Trp,L152W,NA,NA
p.Leu152Val,L152V,NA,NA
p.Leu156Ala,L156A,NA,NA
p.Leu156Gly,L156G,NA,NA
p.Leu159Ala,L159A,NA,NA
p.Leu159Arg,L159R,NA,NA
p.Leu159Gly,L159G,NA,NA
p.Leu159Pro,L159P,NA,NA
p.Leu159Ser,L159S,NA,NA
p.Leu159Val,L159V,NA,NA
p.Leu165Ala,L165A,NA,NA
p.Leu165Arg,L165R,NA,NA
p.Leu165Asp,L165D,NA,NA
p.Leu165Cys,L165C,NA,NA
p.Leu165Gln,L165Q,NA,NA
p.Leu165Gly,L165G,NA,NA
p.Leu165Pro,L165P,NA,NA
p.Leu165Ser,L165S,NA,NA
p.Leu165Val,L165V,NA,NA
p.Leu182Ala,L182A,NA,NA
p.Leu182Arg,L182R,NA,NA
p.Leu182Gln,L182Q,NA,NA
p.Leu182Glu,L182E,NA,NA
p.Leu182Gly,L182G,NA,NA
p.Leu182Pro,L182P,NA,NA
p.Leu182Thr,L182T,NA,NA
p.Leu205Glu,L205E,NA,NA
p.Leu205Gly,L205G,NA,NA
p.Leu218Arg,L218R,NA,NA
p.Leu218Gln,L218Q,NA,NA
p.Leu218Tyr,L218Y,NA,NA
p.Leu22Ala,L22A,NA,NA
p.Leu22Arg,L22R,NA,NA
p.Leu22Glu,L22E,NA,NA
p.Leu22Gly,L22G,NA,NA
p.Leu22His,L22H,NA,NA
p.Leu22Pro,L22P,NA,NA
p.Leu22Ser,L22S,Pathogenic,5
p.Leu22Thr,L22T,NA,NA
p.Leu246Ala,L246A,NA,NA
p.Leu246His,L246H,NA,NA
p.Leu246Lys,L246K,NA,NA
p.Leu246Phe,L246F,NA,NA
p.Leu246Val,L246V,Benign,1
p.Leu269Arg,L269R,NA,NA
p.Leu269Gln,L269Q,NA,NA
p.Leu269Gly,L269G,NA,NA
p.Leu269Ile,L269I,NA,NA
p.Leu269Ser,L269S,NA,NA
p.Leu269Trp,L269W,NA,NA
p.Leu269Val,L269V,NA,NA
p.Leu28Ala,L28A,NA,NA
p.Leu28Arg,L28R,NA,NA
p.Leu28Gln,L28Q,NA,NA
p.Leu28Gly,L28G,NA,NA
p.Leu28Trp,L28W,NA,NA
p.Leu28Val,L28V,NA,NA
p.Leu290Ala,L290A,NA,NA
p.Leu290Arg,L290R,NA,NA
p.Leu290Asn,L290N,NA,NA
p.Leu290Gln,L290Q,NA,NA
p.Leu290Gly,L290G,NA,NA
p.Leu290His,L290H,NA,NA
p.Leu290Lys,L290K,NA,NA
p.Leu290Met,L290M,NA,NA
p.Leu290Phe,L290F,NA,NA
p.Leu290Pro,L290P,NA,NA
p.Leu290Ser,L290S,NA,NA
p.Leu290Ter,L290*,NA,NA
p.Leu290Thr,L290T,NA,NA
p.Leu290Val,L290V,NA,NA
p.Leu291Ala,L291A,NA,NA
p.Leu291Arg,L291R,NA,NA
p.Leu291Gln,L291Q,NA,NA
p.Leu291Gly,L291G,NA,NA
p.Leu291Lys,L291K,NA,NA
p.Leu291Met,L291M,NA,NA
p.Leu291Phe,L291F,NA,NA
p.Leu291Ser,L291S,NA,NA
p.Leu291Ter,L291*,NA,NA
p.Leu291Thr,L291T,NA,NA
p.Leu291Trp,L291W,NA,NA
p.Leu292Ala,L292A,NA,NA
p.Leu292Arg,L292R,NA,NA
p.Leu292Gly,L292G,NA,NA
p.Leu292Met,L292M,NA,NA
p.Leu292Phe,L292F,NA,NA
p.Leu292Ser,L292S,NA,NA
p.Leu292Trp,L292W,NA,NA
p.Leu292Val,L292V,NA,NA
p.Leu30Arg,L30R,NA,NA
p.Leu30Gly,L30G,NA,NA
p.Leu30Met,L30M,NA,NA
p.Leu30Thr,L30T,NA,NA
p.Leu30Val,L30V,NA,NA
p.Leu3Glu,L3E,NA,NA
p.Leu3Gly,L3G,NA,NA
p.Leu3Val,L3V,NA,NA
p.Leu51Arg,L51R,NA,NA
p.Leu51Gly,L51G,NA,NA
p.Leu52Arg,L52R,NA,NA
p.Leu52Gly,L52G,NA,NA
p.Leu52Thr,L52T,NA,NA
p.Leu63Gly,L63G,NA,NA
p.Leu6Ala,L6A,NA,NA
p.Leu6Arg,L6R,NA,NA
p.Leu6Glu,L6E,NA,NA
p.Leu6Gly,L6G,NA,NA
p.Leu6Trp,L6W,NA,NA
p.Leu6Val,L6V,NA,NA
p.Leu73Arg,L73R,NA,NA
p.Leu73Gly,L73G,NA,NA
p.Leu82Arg,L82R,NA,NA
p.Leu82Gly,L82G,NA,NA
p.Leu82Val,L82V,NA,NA
p.Leu95Arg,L95R,NA,NA
p.Leu95Glu,L95E,NA,NA
p.Leu95Gly,L95G,NA,NA
p.Leu99Arg,L99R,NA,NA
p.Leu99Asp,L99D,NA,NA
p.Leu99Gly,L99G,NA,NA
p.Leu99Ser,L99S,NA,NA
p.Leu99Tyr,L99Y,NA,NA
p.Leu99Val,L99V,NA,NA
p.Lys110Ala,K110A,NA,NA
p.Lys110Arg,K110R,NA,NA
p.Lys110Glu,K110E,Uncertain significance,3
p.Lys110Gly,K110G,NA,NA
p.Lys110Leu,K110L,NA,NA
p.Lys110Ser,K110S,NA,NA
p.Lys110Val,K110V,NA,NA
p.Lys135Ala,K135A,NA,NA
p.Lys135Arg,K135R,NA,NA
p.Lys135Asn,K135N,NA,NA
p.Lys135Asp,K135D,NA,NA
p.Lys135Cys,K135C,NA,NA
p.Lys135Gln,K135Q,NA,NA
p.Lys135Glu,K135E,NA,NA
p.Lys135Gly,K135G,NA,NA
p.Lys135His,K135H,NA,NA
p.Lys135Ile,K135I,NA,NA
p.Lys135Leu,K135L,NA,NA
p.Lys135Met,K135M,NA,NA
p.Lys135Phe,K135F,NA,NA
p.Lys135Pro,K135P,NA,NA
p.Lys135Ser,K135S,NA,NA
p.Lys135Thr,K135T,NA,NA
p.Lys135Tyr,K135Y,NA,NA
p.Lys135Val,K135V,NA,NA
p.Lys168Ala,K168A,NA,NA
p.Lys168Arg,K168R,NA,NA
p.Lys168Asp,K168D,NA,NA
p.Lys168Cys,K168C,NA,NA
p.Lys168Gln,K168Q,NA,NA
p.Lys168Glu,K168E,NA,NA
p.Lys168Gly,K168G,NA,NA
p.Lys168Ile,K168I,NA,NA
p.Lys168Leu,K168L,NA,NA
p.Lys168Pro,K168P,NA,NA
p.Lys168Ser,K168S,NA,NA
p.Lys168Thr,K168T,Uncertain significance,3
p.Lys168Trp,K168W,NA,NA
p.Lys168Val,K168V,NA,NA
p.Lys175Ala,K175A,NA,NA
p.Lys175Arg,K175R,NA,NA
p.Lys175Asp,K175D,NA,NA
p.Lys175Glu,K175E,NA,NA
p.Lys175Gly,K175G,NA,NA
p.Lys175Leu,K175L,NA,NA
p.Lys175Met,K175M,NA,NA
p.Lys175Pro,K175P,NA,NA
p.Lys175Ser,K175S,NA,NA
p.Lys175Thr,K175T,NA,NA
p.Lys175Val,K175V,NA,NA
p.Lys193Asp,K193D,NA,NA
p.Lys193Leu,K193L,NA,NA
p.Lys193Pro,K193P,NA,NA
p.Lys20Ala,K20A,NA,NA
p.Lys20Gly,K20G,NA,NA
p.Lys20Leu,K20L,NA,NA
p.Lys222Asn,K222N,NA,NA
p.Lys222Glu,K222E,NA,NA
p.Lys222Ser,K222S,NA,NA
p.Lys223Val,K223V,NA,NA
p.Lys251Arg,K251R,NA,NA
p.Lys251Cys,K251C,NA,NA
p.Lys251Gly,K251G,NA,NA
p.Lys251Leu,K251L,NA,NA
p.Lys251Met,K251M,NA,NA
p.Lys251Phe,K251F,NA,NA
p.Lys251Ser,K251S,NA,NA
p.Lys251Tyr,K251Y,NA,NA
p.Lys251Val,K251V,NA,NA
p.Lys260Arg,K260R,NA,NA
p.Lys294Ala,K294A,NA,NA
p.Lys294Arg,K294R,NA,NA
p.Lys294Cys,K294C,NA,NA
p.Lys294Gln,K294Q,NA,NA
p.Lys294Glu,K294E,NA,NA
p.Lys294Gly,K294G,NA,NA
p.Lys294Ile,K294I,NA,NA
p.Lys294Leu,K294L,NA,NA
p.Lys294Phe,K294F,NA,NA
p.Lys294Pro,K294P,NA,NA
p.Lys294Ser,K294S,NA,NA
p.Lys294Val,K294V,NA,NA
p.Lys301Ala,K301A,NA,NA
p.Lys301Arg,K301R,Uncertain significance,3
p.Lys301Gln,K301Q,NA,NA
p.Lys301Glu,K301E,NA,NA
p.Lys301Gly,K301G,NA,NA
p.Lys301His,K301H,NA,NA
p.Lys301Ile,K301I,NA,NA
p.Lys301Leu,K301L,NA,NA
p.Lys301Met,K301M,NA,NA
p.Lys301Ser,K301S,NA,NA
p.Lys301Thr,K301T,NA,NA
p.Lys301Tyr,K301Y,NA,NA
p.Lys301Val,K301V,NA,NA
p.Lys32Arg,K32R,NA,NA
p.Lys32Gln,K32Q,NA,NA
p.Lys32Gly,K32G,NA,NA
p.Lys32Ser,K32S,NA,NA
p.Lys32Val,K32V,NA,NA
p.Lys45Arg,K45R,NA,NA
p.Lys45Gly,K45G,NA,NA
p.Lys50Ala,K50A,NA,NA
p.Lys50Gly,K50G,NA,NA
p.Lys55Arg,K55R,NA,NA
p.Lys55Gly,K55G,NA,NA
p.Lys55Leu,K55L,NA,NA
p.Lys55Thr,K55T,NA,NA
p.Lys55Val,K55V,NA,NA
p.Lys56Ala,K56A,NA,NA
p.Lys56Arg,K56R,NA,NA
p.Lys56Cys,K56C,NA,NA
p.Lys56Gly,K56G,NA,NA
p.Lys56Val,K56V,NA,NA
p.Lys65Ala,K65A,NA,NA
p.Lys65Arg,K65R,NA,NA
p.Lys65Gly,K65G,NA,NA
p.Lys65Met,K65M,NA,NA
p.Lys70Ser,K70S,NA,NA
p.Lys88Ala,K88A,NA,NA
p.Lys88Gly,K88G,NA,NA
p.Lys88Leu,K88L,NA,NA
p.Lys88Val,K88V,NA,NA
p.Met128Ala,M128A,NA,NA
p.Met128Arg,M128R,NA,NA
p.Met128Glu,M128E,NA,NA
p.Met128Gly,M128G,NA,NA
p.Met128Leu,M128L,NA,NA
p.Met128Lys,M128K,NA,NA
p.Met128Pro,M128P,NA,NA
p.Met128Ser,M128S,NA,NA
p.Met128Thr,M128T,Uncertain significance,3
p.Met128Val,M128V,Uncertain significance,3
p.Met18Ala,M18A,NA,NA
p.Met18Arg,M18R,NA,NA
p.Met18Glu,M18E,NA,NA
p.Met18Gly,M18G,NA,NA
p.Met18Ter,M18*,NA,NA
p.Met18Thr,M18T,Uncertain significance,3
p.Met18Trp,M18W,NA,NA
p.Met18Val,M18V,NA,NA
p.Met297Ala,M297A,NA,NA
p.Met297Arg,M297R,NA,NA
p.Met297Asn,M297N,NA,NA
p.Met297Asp,M297D,NA,NA
p.Met297Cys,M297C,NA,NA
p.Met297Gln,M297Q,NA,NA
p.Met297Gly,M297G,NA,NA
p.Met297Leu,M297L,Uncertain significance,3
p.Met297Phe,M297F,NA,NA
p.Met297Pro,M297P,NA,NA
p.Met297Ser,M297S,NA,NA
p.Met297Val,M297V,Uncertain significance,3
p.Met48Ala,M48A,NA,NA
p.Met48Arg,M48R,NA,NA
p.Met48Gly,M48G,NA,NA
p.Met48Val,M48V,Uncertain significance,3
p.Phe107Ala,F107A,NA,NA
p.Phe107Glu,F107E,NA,NA
p.Phe107Gly,F107G,NA,NA
p.Phe107Leu,F107L,NA,NA
p.Phe107Pro,F107P,NA,NA
p.Phe107Ser,F107S,NA,NA
p.Phe107Val,F107V,NA,NA
p.Phe228Ser,F228S,NA,NA
p.Phe43Gly,F43G,NA,NA
p.Phe46Gly,F46G,NA,NA
p.Phe79Arg,F79R,NA,NA
p.Phe79Gly,F79G,NA,NA
p.Phe79Met,F79M,NA,NA
p.Phe79Ser,F79S,NA,NA
p.Phe93Gly,F93G,NA,NA
p.Pro115Ala,P115A,NA,NA
p.Pro115Arg,P115R,NA,NA
p.Pro115Cys,P115C,NA,NA
p.Pro115Gln,P115Q,NA,NA
p.Pro115Gly,P115G,NA,NA
p.Pro115Leu,P115L,Uncertain significance,3
p.Pro142Ala,P142A,Uncertain significance,3
p.Pro142Arg,P142R,NA,NA
p.Pro142Asp,P142D,NA,NA
p.Pro142Glu,P142E,NA,NA
p.Pro142Gly,P142G,NA,NA
p.Pro142Ile,P142I,NA,NA
p.Pro142Lys,P142K,NA,NA
p.Pro142Thr,P142T,NA,NA
p.Pro142Val,P142V,NA,NA
p.Pro145Ala,P145A,NA,NA
p.Pro145Arg,P145R,NA,NA
p.Pro145Gln,P145Q,NA,NA
p.Pro145Glu,P145E,NA,NA
p.Pro145Gly,P145G,NA,NA
p.Pro145Leu,P145L,Uncertain significance,3
p.Pro145Met,P145M,NA,NA
p.Pro145Phe,P145F,NA,NA
p.Pro145Val,P145V,NA,NA
p.Pro173Ala,P173A,NA,NA
p.Pro173Arg,P173R,NA,NA
p.Pro173Gly,P173G,NA,NA
p.Pro173Ser,P173S,NA,NA
p.Pro209Arg,P209R,NA,NA
p.Pro209Gln,P209Q,NA,NA
p.Pro209His,P209H,NA,NA
p.Pro209Leu,P209L,Uncertain significance,3
p.Pro209Met,P209M,NA,NA
p.Pro241Leu,P241L,Uncertain significance,3
p.Pro258Arg,P258R,Uncertain significance,3
p.Pro258Gln,P258Q,NA,NA
p.Pro258Glu,P258E,NA,NA
p.Pro258Phe,P258F,NA,NA
p.Pro258Val,P258V,NA,NA
p.Pro25Ala,P25A,NA,NA
p.Pro25Arg,P25R,NA,NA
p.Pro25Asp,P25D,NA,NA
p.Pro25Gly,P25G,NA,NA
p.Pro25Lys,P25K,NA,NA
p.Pro25Ser,P25S,NA,NA
p.Pro273Ala,P273A,NA,NA
p.Pro273Gly,P273G,NA,NA
p.Pro273Leu,P273L,NA,NA
p.Pro273Val,P273V,NA,NA
p.Pro34Ala,P34A,NA,NA
p.Pro34Gly,P34G,NA,NA
p.Pro58Ala,P58A,Uncertain significance,3
p.Pro58Arg,P58R,NA,NA
p.Pro58Gly,P58G,NA,NA
p.Ser104Ala,S104A,NA,NA
p.Ser104Arg,S104R,NA,NA
p.Ser104Asp,S104D,NA,NA
p.Ser104Glu,S104E,NA,NA
p.Ser104Gly,S104G,NA,NA
p.Ser104Pro,S104P,NA,NA
p.Ser104Ter,S104*,NA,NA
p.Ser104Thr,S104T,NA,NA
p.Ser104Val,S104V,NA,NA
p.Ser114Ala,S114A,NA,NA
p.Ser114Arg,S114R,NA,NA
p.Ser114Gly,S114G,NA,NA
p.Ser123Ala,S123A,NA,NA
p.Ser123Arg,S123R,NA,NA
p.Ser123Gly,S123G,NA,NA
p.Ser123Leu,S123L,NA,NA
p.Ser123Pro,S123P,NA,NA
p.Ser123Val,S123V,NA,NA
p.Ser127Ala,S127A,NA,NA
p.Ser127Gly,S127G,NA,NA
p.Ser140Ala,S140A,NA,NA
p.Ser140Arg,S140R,Uncertain significance,3
p.Ser140Asp,S140D,NA,NA
p.Ser140Cys,S140C,NA,NA
p.Ser140Gln,S140Q,NA,NA
p.Ser140Glu,S140E,NA,NA
p.Ser140Gly,S140G,NA,NA
p.Ser140His,S140H,NA,NA
p.Ser140Ile,S140I,NA,NA
p.Ser140Leu,S140L,NA,NA
p.Ser140Pro,S140P,NA,NA
p.Ser140Thr,S140T,NA,NA
p.Ser140Trp,S140W,NA,NA
p.Ser140Val,S140V,NA,NA
p.Ser146Ala,S146A,NA,NA
p.Ser146Arg,S146R,NA,NA
p.Ser146Gly,S146G,NA,NA
p.Ser146Leu,S146L,NA,NA
p.Ser146Pro,S146P,NA,NA
p.Ser146Trp,S146W,NA,NA
p.Ser146Val,S146V,NA,NA
p.Ser151Ala,S151A,NA,NA
p.Ser151Arg,S151R,NA,NA
p.Ser151Gln,S151Q,NA,NA
p.Ser151Glu,S151E,NA,NA
p.Ser151Gly,S151G,NA,NA
p.Ser151Leu,S151L,NA,NA
p.Ser151Trp,S151W,NA,NA
p.Ser151Val,S151V,NA,NA
p.Ser153Ala,S153A,NA,NA
p.Ser153Arg,S153R,Uncertain significance,3
p.Ser153Gln,S153Q,NA,NA
p.Ser153Gly,S153G,Uncertain significance,3
p.Ser153Leu,S153L,NA,NA
p.Ser157Ala,S157A,NA,NA
p.Ser157Arg,S157R,NA,NA
p.Ser157Gly,S157G,NA,NA
p.Ser157His,S157H,NA,NA
p.Ser157Ile,S157I,NA,NA
p.Ser157Leu,S157L,NA,NA
p.Ser157Met,S157M,NA,NA
p.Ser157Phe,S157F,NA,NA
p.Ser157Pro,S157P,Uncertain significance,3
p.Ser157Tyr,S157Y,NA,NA
p.Ser157Val,S157V,NA,NA
p.Ser177Ala,S177A,NA,NA
p.Ser177Arg,S177R,NA,NA
p.Ser177Glu,S177E,NA,NA
p.Ser177Gly,S177G,NA,NA
p.Ser177Leu,S177L,NA,NA
p.Ser177Pro,S177P,NA,NA
p.Ser177Val,S177V,NA,NA
p.Ser184Ala,S184A,NA,NA
p.Ser184Arg,S184R,NA,NA
p.Ser184Glu,S184E,NA,NA
p.Ser184Gly,S184G,NA,NA
p.Ser184Leu,S184L,NA,NA
p.Ser184Met,S184M,NA,NA
p.Ser184Pro,S184P,NA,NA
p.Ser184Trp,S184W,NA,NA
p.Ser184Val,S184V,NA,NA
p.Ser186Ala,S186A,Uncertain significance,3
p.Ser186Arg,S186R,NA,NA
p.Ser186Asp,S186D,NA,NA
p.Ser186Cys,S186C,NA,NA
p.Ser186Gln,S186Q,NA,NA
p.Ser186Glu,S186E,NA,NA
p.Ser186Gly,S186G,NA,NA
p.Ser186Ile,S186I,NA,NA
p.Ser186Leu,S186L,NA,NA
p.Ser186Lys,S186K,NA,NA
p.Ser186Met,S186M,NA,NA
p.Ser186Pro,S186P,NA,NA
p.Ser186Thr,S186T,NA,NA
p.Ser186Val,S186V,NA,NA
p.Ser187Glu,S187E,NA,NA
p.Ser187Gly,S187G,NA,NA
p.Ser198Ala,S198A,NA,NA
p.Ser198Arg,S198R,NA,NA
p.Ser198Asn,S198N,NA,NA
p.Ser198Leu,S198L,NA,NA
p.Ser217Arg,S217R,NA,NA
p.Ser217Cys,S217C,NA,NA
p.Ser217Glu,S217E,NA,NA
p.Ser217Pro,S217P,NA,NA
p.Ser217Thr,S217T,NA,NA
p.Ser217Val,S217V,NA,NA
p.Ser220Ala,S220A,NA,NA
p.Ser220Leu,S220L,NA,NA
p.Ser229Cys,S229C,NA,NA
p.Ser229Gly,S229G,NA,NA
p.Ser229Pro,S229P,NA,NA
p.Ser229Thr,S229T,NA,NA
p.Ser242Asn,S242N,NA,NA
p.Ser242Gly,S242G,NA,NA
p.Ser242Ile,S242I,NA,NA
p.Ser242Val,S242V,NA,NA
p.Ser264Arg,S264R,Uncertain significance,3
p.Ser264Asp,S264D,NA,NA
p.Ser264Gly,S264G,NA,NA
p.Ser264Met,S264M,NA,NA
p.Ser264Trp,S264W,NA,NA
p.Ser264Tyr,S264Y,NA,NA
p.Ser264Val,S264V,NA,NA
p.Ser265Arg,S265R,NA,NA
p.Ser265Asn,S265N,NA,NA
p.Ser265Gly,S265G,NA,NA
p.Ser265Tyr,S265Y,NA,NA
p.Ser265Val,S265V,NA,NA
p.Ser267Arg,S267R,NA,NA
p.Ser267Gly,S267G,NA,NA
p.Ser267Ile,S267I,NA,NA
p.Ser267Phe,S267F,NA,NA
p.Ser267Pro,S267P,Uncertain significance,3
p.Ser281Ala,S281A,NA,NA
p.Ser281Asp,S281D,NA,NA
p.Ser281Gly,S281G,NA,NA
p.Ser281Leu,S281L,NA,NA
p.Ser281Met,S281M,NA,NA
p.Ser281Thr,S281T,NA,NA
p.Ser281Tyr,S281Y,NA,NA
p.Ser281Val,S281V,NA,NA
p.Ser282Asp,S282D,NA,NA
p.Ser282Cys,S282C,NA,NA
p.Ser282Gly,S282G,NA,NA
p.Ser282His,S282H,NA,NA
p.Ser282Ile,S282I,NA,NA
p.Ser282Leu,S282L,Uncertain significance,3
p.Ser282Phe,S282F,NA,NA
p.Ser282Tyr,S282Y,NA,NA
p.Ser288Ala,S288A,NA,NA
p.Ser288Ile,S288I,NA,NA
p.Ser288Pro,S288P,NA,NA
p.Ser288Val,S288V,NA,NA
p.Ser289Arg,S289R,NA,NA
p.Ser289Asn,S289N,NA,NA
p.Ser289Cys,S289C,NA,NA
p.Ser289Gln,S289Q,NA,NA
p.Ser289Gly,S289G,NA,NA
p.Ser289His,S289H,NA,NA
p.Ser289Leu,S289L,NA,NA
p.Ser289Met,S289M,NA,NA
p.Ser289Phe,S289F,NA,NA
p.Ser289Ter,S289*,NA,NA
p.Ser289Thr,S289T,NA,NA
p.Ser289Val,S289V,NA,NA
p.Ser4Arg,S4R,NA,NA
p.Ser4Gly,S4G,NA,NA
p.Ser59Arg,S59R,NA,NA
p.Ser59Gly,S59G,NA,NA
p.Ser72Gly,S72G,NA,NA
p.Ser76Arg,S76R,NA,NA
p.Ser76Glu,S76E,NA,NA
p.Ser76Gly,S76G,NA,NA
p.Ser80Ala,S80A,NA,NA
p.Ser80Arg,S80R,NA,NA
p.Ser80Glu,S80E,NA,NA
p.Ser80Gly,S80G,NA,NA
p.Ser80Val,S80V,NA,NA
p.Thr150Arg,T150R,NA,NA
p.Thr150Gly,T150G,NA,NA
p.Thr150Ser,T150S,NA,NA
p.Thr150Val,T150V,NA,NA
p.Thr161Ala,T161A,NA,NA
p.Thr161Arg,T161R,NA,NA
p.Thr161Asp,T161D,NA,NA
p.Thr161Glu,T161E,NA,NA
p.Thr161Gly,T161G,NA,NA
p.Thr161Leu,T161L,NA,NA
p.Thr161Pro,T161P,NA,NA
p.Thr161Ser,T161S,NA,NA
p.Thr161Val,T161V,NA,NA
p.Thr164Arg,T164R,NA,NA
p.Thr164Glu,T164E,NA,NA
p.Thr164Gly,T164G,NA,NA
p.Thr164Leu,T164L,NA,NA
p.Thr167Ala,T167A,NA,NA
p.Thr167Arg,T167R,NA,NA
p.Thr167Cys,T167C,NA,NA
p.Thr167Gln,T167Q,NA,NA
p.Thr167Glu,T167E,NA,NA
p.Thr167Gly,T167G,NA,NA
p.Thr167His,T167H,NA,NA
p.Thr167Ile,T167I,NA,NA
p.Thr167Leu,T167L,NA,NA
p.Thr167Lys,T167K,NA,NA
p.Thr167Phe,T167F,NA,NA
p.Thr167Pro,T167P,NA,NA
p.Thr167Ser,T167S,NA,NA
p.Thr167Trp,T167W,NA,NA
p.Thr167Val,T167V,NA,NA
p.Thr176Ala,T176A,NA,NA
p.Thr176Arg,T176R,Uncertain significance,3
p.Thr176Asp,T176D,NA,NA
p.Thr176Cys,T176C,NA,NA
p.Thr176Gln,T176Q,NA,NA
p.Thr176Glu,T176E,NA,NA
p.Thr176Gly,T176G,NA,NA
p.Thr176Leu,T176L,NA,NA
p.Thr176Lys,T176K,NA,NA
p.Thr176Pro,T176P,NA,NA
p.Thr176Ser,T176S,NA,NA
p.Thr176Val,T176V,NA,NA
p.Thr190Ala,T190A,NA,NA
p.Thr190Arg,T190R,NA,NA
p.Thr190Asp,T190D,NA,NA
p.Thr190Glu,T190E,NA,NA
p.Thr190Gly,T190G,NA,NA
p.Thr195Glu,T195E,NA,NA
p.Thr195Gly,T195G,NA,NA
p.Thr195Ile,T195I,NA,NA
p.Thr208Ala,T208A,NA,NA
p.Thr208Arg,T208R,NA,NA
p.Thr208Cys,T208C,NA,NA
p.Thr208Glu,T208E,NA,NA
p.Thr208Gly,T208G,NA,NA
p.Thr208Ile,T208I,NA,NA
p.Thr208Leu,T208L,NA,NA
p.Thr208Met,T208M,NA,NA
p.Thr208Trp,T208W,NA,NA
p.Thr208Val,T208V,NA,NA
p.Thr212Arg,T212R,NA,NA
p.Thr212Gly,T212G,NA,NA
p.Thr212Val,T212V,NA,NA
p.Thr231Ala,T231A,NA,NA
p.Thr231Arg,T231R,NA,NA
p.Thr231Ser,T231S,NA,NA
p.Thr231Val,T231V,NA,NA
p.Thr234Leu,T234L,NA,NA
p.Thr234Ser,T234S,NA,NA
p.Thr236Arg,T236R,NA,NA
p.Thr236Cys,T236C,NA,NA
p.Thr236Glu,T236E,NA,NA
p.Thr236Leu,T236L,NA,NA
p.Thr236Lys,T236K,NA,NA
p.Thr248Ala,T248A,NA,NA
p.Thr248Arg,T248R,NA,NA
p.Thr248Asp,T248D,NA,NA
p.Thr248Cys,T248C,NA,NA
p.Thr248Gln,T248Q,NA,NA
p.Thr248Glu,T248E,NA,NA
p.Thr248Gly,T248G,NA,NA
p.Thr248His,T248H,NA,NA
p.Thr248Ile,T248I,NA,NA
p.Thr248Leu,T248L,NA,NA
p.Thr248Lys,T248K,NA,NA
p.Thr248Met,T248M,NA,NA
p.Thr248Tyr,T248Y,NA,NA
p.Thr248Val,T248V,NA,NA
p.Thr249Ser,T249S,Uncertain significance,3
p.Thr276Arg,T276R,Uncertain significance,3
p.Thr276Asn,T276N,NA,NA
p.Thr276Asp,T276D,NA,NA
p.Thr276Cys,T276C,NA,NA
p.Thr276Gln,T276Q,NA,NA
p.Thr276Glu,T276E,NA,NA
p.Thr276Gly,T276G,NA,NA
p.Thr276His,T276H,NA,NA
p.Thr276Ile,T276I,NA,NA
p.Thr276Leu,T276L,NA,NA
p.Thr276Lys,T276K,Uncertain significance,3
p.Thr276Met,T276M,NA,NA
p.Thr276Pro,T276P,NA,NA
p.Thr276Ser,T276S,NA,NA
p.Thr276Tyr,T276Y,NA,NA
p.Thr276Val,T276V,NA,NA
p.Thr278Ala,T278A,NA,NA
p.Thr278Arg,T278R,NA,NA
p.Thr278Asn,T278N,NA,NA
p.Thr278Gln,T278Q,NA,NA
p.Thr278Glu,T278E,NA,NA
p.Thr278Gly,T278G,NA,NA
p.Thr278Met,T278M,NA,NA
p.Thr278Pro,T278P,NA,NA
p.Thr278Val,T278V,NA,NA
p.Thr293Ala,T293A,NA,NA
p.Thr293Asp,T293D,NA,NA
p.Thr293Gln,T293Q,NA,NA
p.Thr293Gly,T293G,NA,NA
p.Thr293Leu,T293L,NA,NA
p.Thr293Lys,T293K,NA,NA
p.Thr293Met,T293M,NA,NA
p.Thr293Phe,T293F,NA,NA
p.Thr293Pro,T293P,NA,NA
p.Thr293Ser,T293S,NA,NA
p.Thr293Trp,T293W,NA,NA
p.Thr293Val,T293V,NA,NA
p.Thr37Arg,T37R,Uncertain significance,3
p.Thr37Gly,T37G,NA,NA
p.Thr37Val,T37V,NA,NA
p.Thr69Gly,T69G,NA,NA
p.Thr77Ala,T77A,NA,NA
p.Thr77Arg,T77R,NA,NA
p.Thr77Gly,T77G,NA,NA
p.Thr77Met,T77M,Uncertain significance,3
p.Thr77Val,T77V,NA,NA
p.Thr97Ala,T97A,NA,NA
p.Thr97Arg,T97R,Uncertain significance,3
p.Thr97Asn,T97N,NA,NA
p.Thr97Gln,T97Q,NA,NA
p.Thr97Glu,T97E,NA,NA
p.Thr97Gly,T97G,NA,NA
p.Thr97His,T97H,NA,NA
p.Thr97Leu,T97L,NA,NA
p.Thr97Lys,T97K,NA,NA
p.Thr97Pro,T97P,NA,NA
p.Thr97Val,T97V,NA,NA
p.Tyr101Ala,Y101A,NA,NA
p.Tyr101Arg,Y101R,NA,NA
p.Tyr101Gln,Y101Q,NA,NA
p.Tyr101Glu,Y101E,NA,NA
p.Tyr101Gly,Y101G,NA,NA
p.Tyr105Ala,Y105A,NA,NA
p.Tyr105Arg,Y105R,NA,NA
p.Tyr105Cys,Y105C,Benign,1
p.Tyr105Gly,Y105G,NA,NA
p.Tyr105Leu,Y105L,NA,NA
p.Tyr105Phe,Y105F,NA,NA
p.Tyr105Pro,Y105P,NA,NA
p.Tyr105Ser,Y105S,NA,NA
p.Tyr105Thr,Y105T,NA,NA
p.Tyr105Val,Y105V,NA,NA
p.Tyr130Ala,Y130A,NA,NA
p.Tyr130Arg,Y130R,NA,NA
p.Tyr130Cys,Y130C,Uncertain significance,3
p.Tyr130Glu,Y130E,NA,NA
p.Tyr130Gly,Y130G,NA,NA
p.Tyr130Leu,Y130L,NA,NA
p.Tyr130Lys,Y130K,NA,NA
p.Tyr130Met,Y130M,NA,NA
p.Tyr130Pro,Y130P,NA,NA
p.Tyr130Ser,Y130S,NA,NA
p.Tyr130Thr,Y130T,NA,NA
p.Tyr130Val,Y130V,NA,NA
p.Tyr179Ala,Y179A,NA,NA
p.Tyr179Arg,Y179R,NA,NA
p.Tyr179Asn,Y179N,NA,NA
p.Tyr179Asp,Y179D,NA,NA
p.Tyr179Cys,Y179C,Benign,1
p.Tyr179Gln,Y179Q,NA,NA
p.Tyr179Glu,Y179E,NA,NA
p.Tyr179Gly,Y179G,NA,NA
p.Tyr179Leu,Y179L,NA,NA
p.Tyr179Met,Y179M,NA,NA
p.Tyr179Phe,Y179F,NA,NA
p.Tyr179Pro,Y179P,NA,NA
p.Tyr179Ser,Y179S,NA,NA
p.Tyr179Thr,Y179T,NA,NA
p.Tyr179Val,Y179V,NA,NA
p.Tyr196Ala,Y196A,NA,NA
p.Tyr196Arg,Y196R,NA,NA
p.Tyr196Asn,Y196N,NA,NA
p.Tyr196Pro,Y196P,NA,NA
p.Tyr196Ser,Y196S,NA,NA
p.Tyr196Thr,Y196T,NA,NA
p.Tyr261Ala,Y261A,NA,NA
p.Tyr261Asn,Y261N,NA,NA
p.Tyr261Cys,Y261C,NA,NA
p.Tyr261Glu,Y261E,NA,NA
p.Tyr261Gly,Y261G,NA,NA
p.Tyr261His,Y261H,NA,NA
p.Tyr261Ile,Y261I,NA,NA
p.Tyr261Lys,Y261K,NA,NA
p.Tyr261Met,Y261M,NA,NA
p.Tyr261Pro,Y261P,NA,NA
p.Tyr261Ser,Y261S,NA,NA
p.Tyr261Thr,Y261T,NA,NA
p.Tyr261Val,Y261V,NA,NA
p.Val11Ala,V11A,Uncertain significance,3
p.Val11Arg,V11R,NA,NA
p.Val11Glu,V11E,NA,NA
p.Val11Gly,V11G,Uncertain significance,3
p.Val11Thr,V11T,NA,NA
p.Val122Arg,V122R,NA,NA
p.Val122Glu,V122E,NA,NA
p.Val122Gly,V122G,NA,NA
p.Val122Pro,V122P,NA,NA
p.Val122Ser,V122S,NA,NA
p.Val122Thr,V122T,NA,NA
p.Val14Ala,V14A,NA,NA
p.Val14Arg,V14R,NA,NA
p.Val14Gly,V14G,NA,NA
p.Val14Met,V14M,NA,NA
p.Val154Ala,V154A,NA,NA
p.Val154Arg,V154R,NA,NA
p.Val154Cys,V154C,NA,NA
p.Val154Glu,V154E,NA,NA
p.Val154Gly,V154G,NA,NA
p.Val154Lys,V154K,NA,NA
p.Val154Pro,V154P,NA,NA
p.Val154Ser,V154S,NA,NA
p.Val154Thr,V154T,NA,NA
p.Val162Ala,V162A,NA,NA
p.Val162Arg,V162R,NA,NA
p.Val162Asn,V162N,NA,NA
p.Val162Asp,V162D,NA,NA
p.Val162Gln,V162Q,NA,NA
p.Val162Glu,V162E,NA,NA
p.Val162Gly,V162G,NA,NA
p.Val162His,V162H,NA,NA
p.Val162Ile,V162I,NA,NA
p.Val162Leu,V162L,Uncertain significance,3
p.Val162Lys,V162K,NA,NA
p.Val162Met,V162M,NA,NA
p.Val162Phe,V162F,NA,NA
p.Val162Pro,V162P,NA,NA
p.Val162Ser,V162S,NA,NA
p.Val162Thr,V162T,NA,NA
p.Val162Tyr,V162Y,NA,NA
p.Val178Ala,V178A,NA,NA
p.Val178Arg,V178R,NA,NA
p.Val178Glu,V178E,NA,NA
p.Val178Gly,V178G,NA,NA
p.Val178His,V178H,NA,NA
p.Val178Leu,V178L,NA,NA
p.Val178Met,V178M,NA,NA
p.Val178Phe,V178F,NA,NA
p.Val178Pro,V178P,NA,NA
p.Val178Ser,V178S,NA,NA
p.Val178Ter,V178*,NA,NA
p.Val178Thr,V178T,NA,NA
p.Val191Ala,V191A,NA,NA
p.Val191Arg,V191R,NA,NA
p.Val191Asp,V191D,Uncertain significance,3
p.Val191Cys,V191C,NA,NA
p.Val191Gln,V191Q,NA,NA
p.Val191Glu,V191E,NA,NA
p.Val191Gly,V191G,NA,NA
p.Val191Leu,V191L,NA,NA
p.Val191Met,V191M,NA,NA
p.Val191Pro,V191P,NA,NA
p.Val191Ser,V191S,NA,NA
p.Val191Trp,V191W,NA,NA
p.Val191Tyr,V191Y,NA,NA
p.Val199Asp,V199D,NA,NA
p.Val199Thr,V199T,NA,NA
p.Val233Ala,V233A,NA,NA
p.Val233Arg,V233R,NA,NA
p.Val233Asp,V233D,NA,NA
p.Val233Gly,V233G,NA,NA
p.Val266Arg,V266R,NA,NA
p.Val266Gly,V266G,NA,NA
p.Val266Phe,V266F,NA,NA
p.Val266Pro,V266P,NA,NA
p.Val266Tyr,V266Y,NA,NA
p.Val271Arg,V271R,NA,NA
p.Val271Gln,V271Q,NA,NA
p.Val271Gly,V271G,Uncertain significance,3
p.Val271Pro,V271P,NA,NA
p.Val271Thr,V271T,NA,NA
p.Val299Ala,V299A,NA,NA
p.Val299Arg,V299R,NA,NA
p.Val299Gln,V299Q,NA,NA
p.Val299Gly,V299G,NA,NA
p.Val299His,V299H,NA,NA
p.Val299Ile,V299I,NA,NA
p.Val299Leu,V299L,NA,NA
p.Val299Phe,V299F,NA,NA
p.Val299Thr,V299T,NA,NA
p.Val299Trp,V299W,NA,NA
p.Val35Glu,V35E,NA,NA
p.Val83Gly,V83G,NA,NA
p.Val8Arg,V8R,NA,NA
p.Val8Gly,V8G,NA,NA